run_id,operator,cluster,tier,block_id,shape_class,fusion_member,engine,device_id,shape_index,input_shape,dtype,opset,intra_op_num_threads,graph_optimization_level,igpu_vgm_mb,repeat_idx,warmup_s,window_s,iterations_completed,wall_time_s,t_start_epoch,t_end_epoch,mean_latency_ms,idle_power_w,active_power_w,window_energy_J,idle_energy_J,energy_per_op_J,dispatch_energy_J,notes,window_energy_method,gfx_busy_mean_pct
idle_r9700_open_r0,idle,baseline,n/a,n/a,n/a,n/a,r9700,0,-1,n/a,n/a,n/a,12,ORT_ENABLE_ALL,512,0,5.0,30.0,1813312,30.000046,1782297200.683172,1782297230.683258,,,,224.678026,,,,threads=12; graph_opt=ORT_ENABLE_ALL; vgm_mb=512,trapz_power_w:no_counter,1.50
dispatch_r9700_base_r0,dispatch_baseline,baseline,n/a,n/a,n/a,n/a,r9700,0,-1,1,float32,20,12,ORT_ENABLE_ALL,512,0,5.0,30.0,8785856,30.000012,1782297238.828238,1782297268.828257,0.003415,,,2277.776431,,,,threads=12; graph_opt=ORT_ENABLE_ALL; vgm_mb=512; migraphx_direct: target=gpu; offload_copy=False; resident; sync_every=64,trapz_power_w:no_counter,98.04
r9700_patch_embed_conv2d_s0_r0,patch_embed_conv2d,A,isolated,,,False,r9700,0,0,1x3x224x224,float32,20,12,ORT_ENABLE_ALL,512,0,5.0,30.0,847296,30.001956,1782297281.509982,1782297311.511949,0.035409,,,8819.660038,285.432346,,2277.776431,threads=12; graph_opt=ORT_ENABLE_ALL; vgm_mb=512; migraphx_direct: target=gpu; offload_copy=False; resident; sync_every=64,trapz_power_w:no_counter,99.95
r9700_patch_embed_conv2d_s0_r1,patch_embed_conv2d,A,isolated,,,False,r9700,0,0,1x3x224x224,float32,20,12,ORT_ENABLE_ALL,512,1,5.0,30.0,841408,30.002154,1782297321.513499,1782297351.515660,0.035657,,,8962.448242,285.432346,,2277.776431,threads=12; graph_opt=ORT_ENABLE_ALL; vgm_mb=512,trapz_power_w:no_counter,99.96
r9700_patch_embed_conv2d_s0_r2,patch_embed_conv2d,A,isolated,,,False,r9700,0,0,1x3x224x224,float32,20,12,ORT_ENABLE_ALL,512,2,5.0,30.0,846336,30.000592,1782297361.517092,1782297391.517689,0.035448,,,8971.526082,285.432346,,2277.776431,threads=12; graph_opt=ORT_ENABLE_ALL; vgm_mb=512,trapz_power_w:no_counter,99.94
r9700_patch_embed_conv2d_s0_r3,patch_embed_conv2d,A,isolated,,,False,r9700,0,0,1x3x224x224,float32,20,12,ORT_ENABLE_ALL,512,3,5.0,30.0,846912,30.002385,1782297401.519279,1782297431.521668,0.035426,,,8940.199992,285.432346,,2277.776431,threads=12; graph_opt=ORT_ENABLE_ALL; vgm_mb=512,trapz_power_w:no_counter,99.94
r9700_patch_embed_conv2d_s0_r4,patch_embed_conv2d,A,isolated,,,False,r9700,0,0,1x3x224x224,float32,20,12,ORT_ENABLE_ALL,512,4,5.0,30.0,845952,30.001234,1782297441.523696,1782297471.524934,0.035464,,,8921.854740,285.432346,,2277.776431,threads=12; graph_opt=ORT_ENABLE_ALL; vgm_mb=512,trapz_power_w:no_counter,99.96
r9700_downsample_conv2d_s0_r0,downsample_conv2d,A,isolated,,,False,r9700,0,0,1x768x56x56,float32,20,12,ORT_ENABLE_ALL,512,0,5.0,30.0,44416,30.005524,1782297489.467981,1782297519.473516,0.675557,,,8961.735522,285.432346,,2277.776431,threads=12; graph_opt=ORT_ENABLE_ALL; vgm_mb=512; migraphx_direct: target=gpu; offload_copy=False; resident; sync_every=64,trapz_power_w:no_counter,99.98
r9700_downsample_conv2d_s0_r1,downsample_conv2d,A,isolated,,,False,r9700,0,0,1x768x56x56,float32,20,12,ORT_ENABLE_ALL,512,1,5.0,30.0,44544,30.035638,1782297529.476120,1782297559.511765,0.674291,,,8974.095556,285.432346,,2277.776431,threads=12; graph_opt=ORT_ENABLE_ALL; vgm_mb=512,trapz_power_w:no_counter,100.00
r9700_downsample_conv2d_s0_r2,downsample_conv2d,A,isolated,,,False,r9700,0,0,1x768x56x56,float32,20,12,ORT_ENABLE_ALL,512,2,5.0,30.0,44480,30.025514,1782297569.519796,1782297599.545315,0.675034,,,8947.447217,285.432346,,2277.776431,threads=12; graph_opt=ORT_ENABLE_ALL; vgm_mb=512,trapz_power_w:no_counter,100.00
r9700_downsample_conv2d_s0_r3,downsample_conv2d,A,isolated,,,False,r9700,0,0,1x768x56x56,float32,20,12,ORT_ENABLE_ALL,512,3,5.0,30.0,44416,30.002826,1782297609.555209,1782297639.558039,0.675496,,,8953.423045,285.432346,,2277.776431,threads=12; graph_opt=ORT_ENABLE_ALL; vgm_mb=512,trapz_power_w:no_counter,100.00
r9700_downsample_conv2d_s0_r4,downsample_conv2d,A,isolated,,,False,r9700,0,0,1x768x56x56,float32,20,12,ORT_ENABLE_ALL,512,4,5.0,30.0,44480,30.038023,1782297649.568491,1782297679.606518,0.675315,,,8977.598278,285.432346,,2277.776431,threads=12; graph_opt=ORT_ENABLE_ALL; vgm_mb=512,trapz_power_w:no_counter,99.99
r9700_avg_ffn_gemm_s2_r0,ffn_gemm,A,isolated,sdpa_avg,avg,False,r9700,0,2,197x768@768x3072,float32,20,12,ORT_ENABLE_ALL,512,0,5.0,30.0,241920,30.005407,1782297696.241049,1782297726.246462,0.124030,,,8974.107614,285.432346,,2277.776431,threads=12; graph_opt=ORT_ENABLE_ALL; vgm_mb=512; migraphx_direct: target=gpu; offload_copy=False; resident; sync_every=64,trapz_power_w:no_counter,99.99
r9700_avg_ffn_gemm_s2_r1,ffn_gemm,A,isolated,sdpa_avg,avg,False,r9700,0,2,197x768@768x3072,float32,20,12,ORT_ENABLE_ALL,512,1,5.0,30.0,241216,30.000987,1782297736.252820,1782297766.253813,0.124374,,,8881.270909,285.432346,,2277.776431,threads=12; graph_opt=ORT_ENABLE_ALL; vgm_mb=512,trapz_power_w:no_counter,99.99
r9700_avg_ffn_gemm_s2_r2,ffn_gemm,A,isolated,sdpa_avg,avg,False,r9700,0,2,197x768@768x3072,float32,20,12,ORT_ENABLE_ALL,512,2,5.0,30.0,241152,30.005578,1782297776.257180,1782297806.262763,0.124426,,,8857.901677,285.432346,,2277.776431,threads=12; graph_opt=ORT_ENABLE_ALL; vgm_mb=512,trapz_power_w:no_counter,99.99
r9700_avg_ffn_gemm_s2_r3,ffn_gemm,A,isolated,sdpa_avg,avg,False,r9700,0,2,197x768@768x3072,float32,20,12,ORT_ENABLE_ALL,512,3,5.0,30.0,241216,30.000529,1782297816.264893,1782297846.265426,0.124372,,,8942.876280,285.432346,,2277.776431,threads=12; graph_opt=ORT_ENABLE_ALL; vgm_mb=512,trapz_power_w:no_counter,99.98
r9700_avg_ffn_gemm_s2_r4,ffn_gemm,A,isolated,sdpa_avg,avg,False,r9700,0,2,197x768@768x3072,float32,20,12,ORT_ENABLE_ALL,512,4,5.0,30.0,240832,30.001649,1782297856.268300,1782297886.269953,0.124575,,,8884.646427,285.432346,,2277.776431,threads=12; graph_opt=ORT_ENABLE_ALL; vgm_mb=512,trapz_power_w:no_counter,99.96
r9700_avg_ffn_gemm_s3_r0,ffn_gemm,A,isolated,sdpa_avg,avg,False,r9700,0,3,197x3072@3072x768,float32,20,12,ORT_ENABLE_ALL,512,0,5.0,30.0,223936,30.000630,1782297902.946309,1782297932.946945,0.133970,,,8118.699098,285.432346,,2277.776431,threads=12; graph_opt=ORT_ENABLE_ALL; vgm_mb=512; migraphx_direct: target=gpu; offload_copy=False; resident; sync_every=64,trapz_power_w:no_counter,99.98
r9700_avg_ffn_gemm_s3_r1,ffn_gemm,A,isolated,sdpa_avg,avg,False,r9700,0,3,197x3072@3072x768,float32,20,12,ORT_ENABLE_ALL,512,1,5.0,30.0,223872,30.006720,1782297942.952170,1782297972.958895,0.134035,,,8161.565893,285.432346,,2277.776431,threads=12; graph_opt=ORT_ENABLE_ALL; vgm_mb=512,trapz_power_w:no_counter,99.99
r9700_avg_ffn_gemm_s3_r2,ffn_gemm,A,isolated,sdpa_avg,avg,False,r9700,0,3,197x3072@3072x768,float32,20,12,ORT_ENABLE_ALL,512,2,5.0,30.0,223744,30.002898,1782297982.963537,1782298012.966439,0.134095,,,8181.949490,285.432346,,2277.776431,threads=12; graph_opt=ORT_ENABLE_ALL; vgm_mb=512,trapz_power_w:no_counter,99.99
r9700_avg_ffn_gemm_s3_r3,ffn_gemm,A,isolated,sdpa_avg,avg,False,r9700,0,3,197x3072@3072x768,float32,20,12,ORT_ENABLE_ALL,512,3,5.0,30.0,223744,30.005429,1782298022.972169,1782298052.977603,0.134106,,,8172.428099,285.432346,,2277.776431,threads=12; graph_opt=ORT_ENABLE_ALL; vgm_mb=512,trapz_power_w:no_counter,100.00
r9700_avg_ffn_gemm_s3_r4,ffn_gemm,A,isolated,sdpa_avg,avg,False,r9700,0,3,197x3072@3072x768,float32,20,12,ORT_ENABLE_ALL,512,4,5.0,30.0,223744,30.004782,1782298062.979888,1782298092.984674,0.134103,,,8179.560818,285.432346,,2277.776431,threads=12; graph_opt=ORT_ENABLE_ALL; vgm_mb=512,trapz_power_w:no_counter,99.99
r9700_avg_gelu_s1_r0,gelu,A,isolated,sdpa_avg,avg,False,r9700,0,1,197x3072,float32,20,12,ORT_ENABLE_ALL,512,0,5.0,30.0,4941248,30.000243,1782298105.204538,1782298135.204787,0.006071,,,7566.605611,285.432346,,2277.776431,threads=12; graph_opt=ORT_ENABLE_ALL; vgm_mb=512; migraphx_direct: target=gpu; offload_copy=False; resident; sync_every=64,trapz_power_w:no_counter,99.00
r9700_avg_gelu_s1_r1,gelu,A,isolated,sdpa_avg,avg,False,r9700,0,1,197x3072,float32,20,12,ORT_ENABLE_ALL,512,1,5.0,30.0,4943936,30.000205,1782298145.205260,1782298175.205470,0.006068,,,7656.833925,285.432346,,2277.776431,threads=12; graph_opt=ORT_ENABLE_ALL; vgm_mb=512,trapz_power_w:no_counter,99.00
r9700_avg_gelu_s1_r2,gelu,A,isolated,sdpa_avg,avg,False,r9700,0,1,197x3072,float32,20,12,ORT_ENABLE_ALL,512,2,5.0,30.0,4947776,30.000013,1782298185.205914,1782298215.205930,0.006063,,,7805.742450,285.432346,,2277.776431,threads=12; graph_opt=ORT_ENABLE_ALL; vgm_mb=512,trapz_power_w:no_counter,99.00
r9700_avg_gelu_s1_r3,gelu,A,isolated,sdpa_avg,avg,False,r9700,0,1,197x3072,float32,20,12,ORT_ENABLE_ALL,512,3,5.0,30.0,4951040,30.000020,1782298225.206329,1782298255.206353,0.006059,,,7833.805715,285.432346,,2277.776431,threads=12; graph_opt=ORT_ENABLE_ALL; vgm_mb=512,trapz_power_w:no_counter,99.00
r9700_avg_gelu_s1_r4,gelu,A,isolated,sdpa_avg,avg,False,r9700,0,1,197x3072,float32,20,12,ORT_ENABLE_ALL,512,4,5.0,30.0,4952896,30.000267,1782298265.206744,1782298295.207020,0.006057,,,7926.923124,285.432346,,2277.776431,threads=12; graph_opt=ORT_ENABLE_ALL; vgm_mb=512,trapz_power_w:no_counter,99.00
r9700_avg_layer_norm_s1_r0,layer_norm,A,isolated,sdpa_avg,avg,False,r9700,0,1,197x768,float32,20,12,ORT_ENABLE_ALL,512,0,5.0,30.0,7120832,30.000239,1782298311.695490,1782298341.695735,0.004213,,,5578.590864,285.432346,,2277.776431,threads=12; graph_opt=ORT_ENABLE_ALL; vgm_mb=512; migraphx_direct: target=gpu; offload_copy=False; resident; sync_every=64,trapz_power_w:no_counter,98.03
r9700_avg_layer_norm_s1_r1,layer_norm,A,isolated,sdpa_avg,avg,False,r9700,0,1,197x768,float32,20,12,ORT_ENABLE_ALL,512,1,5.0,30.0,7089216,30.000141,1782298351.696293,1782298381.696441,0.004232,,,5608.813764,285.432346,,2277.776431,threads=12; graph_opt=ORT_ENABLE_ALL; vgm_mb=512,trapz_power_w:no_counter,98.01
r9700_avg_layer_norm_s1_r2,layer_norm,A,isolated,sdpa_avg,avg,False,r9700,0,1,197x768,float32,20,12,ORT_ENABLE_ALL,512,2,5.0,30.0,7196416,30.000132,1782298391.696873,1782298421.697011,0.004169,,,5635.153370,285.432346,,2277.776431,threads=12; graph_opt=ORT_ENABLE_ALL; vgm_mb=512,trapz_power_w:no_counter,98.68
r9700_avg_layer_norm_s1_r3,layer_norm,A,isolated,sdpa_avg,avg,False,r9700,0,1,197x768,float32,20,12,ORT_ENABLE_ALL,512,3,5.0,30.0,7133888,30.000104,1782298431.697433,1782298461.697542,0.004205,,,5681.737246,285.432346,,2277.776431,threads=12; graph_opt=ORT_ENABLE_ALL; vgm_mb=512,trapz_power_w:no_counter,98.06
r9700_avg_layer_norm_s1_r4,layer_norm,A,isolated,sdpa_avg,avg,False,r9700,0,1,197x768,float32,20,12,ORT_ENABLE_ALL,512,4,5.0,30.0,7126336,30.000187,1782298471.697963,1782298501.698154,0.004210,,,5614.756496,285.432346,,2277.776431,threads=12; graph_opt=ORT_ENABLE_ALL; vgm_mb=512,trapz_power_w:no_counter,98.03
r9700_group_norm_s0_r0,group_norm,A,isolated,,,False,r9700,0,0,"1x768x14x14,groups=1",float32,20,12,ORT_ENABLE_ALL,512,0,5.0,30.0,586048,30.002665,1782298518.822502,1782298548.825172,0.051195,,,3501.603647,285.432346,,2277.776431,threads=12; graph_opt=ORT_ENABLE_ALL; vgm_mb=512; migraphx_direct: target=gpu; offload_copy=False; resident; sync_every=64,trapz_power_w:no_counter,99.98
r9700_group_norm_s0_r1,group_norm,A,isolated,,,False,r9700,0,0,"1x768x14x14,groups=1",float32,20,12,ORT_ENABLE_ALL,512,1,5.0,30.0,585472,30.001786,1782298558.826244,1782298588.828036,0.051244,,,3553.530366,285.432346,,2277.776431,threads=12; graph_opt=ORT_ENABLE_ALL; vgm_mb=512,trapz_power_w:no_counter,99.98
r9700_group_norm_s0_r2,group_norm,A,isolated,,,False,r9700,0,0,"1x768x14x14,groups=1",float32,20,12,ORT_ENABLE_ALL,512,2,5.0,30.0,585088,30.000086,1782298598.830258,1782298628.830348,0.051274,,,3606.201359,285.432346,,2277.776431,threads=12; graph_opt=ORT_ENABLE_ALL; vgm_mb=512,trapz_power_w:no_counter,99.98
r9700_group_norm_s0_r3,group_norm,A,isolated,,,False,r9700,0,0,"1x768x14x14,groups=1",float32,20,12,ORT_ENABLE_ALL,512,3,5.0,30.0,585920,30.001927,1782298638.830786,1782298668.832719,0.051205,,,3658.049874,285.432346,,2277.776431,threads=12; graph_opt=ORT_ENABLE_ALL; vgm_mb=512,trapz_power_w:no_counter,99.95
r9700_group_norm_s0_r4,group_norm,A,isolated,,,False,r9700,0,0,"1x768x14x14,groups=1",float32,20,12,ORT_ENABLE_ALL,512,4,5.0,30.0,585152,30.002438,1782298678.833056,1782298708.835499,0.051273,,,3692.031115,285.432346,,2277.776431,threads=12; graph_opt=ORT_ENABLE_ALL; vgm_mb=512,trapz_power_w:no_counter,99.97
idle_r9700_mid1_r0,idle,baseline,n/a,n/a,n/a,n/a,r9700,0,-1,n/a,n/a,n/a,12,ORT_ENABLE_ALL,512,0,5.0,30.0,1813312,30.000772,1782298720.767838,1782298750.768624,,,,292.651581,,,,threads=12; graph_opt=ORT_ENABLE_ALL; vgm_mb=512,trapz_power_w:no_counter,1.40
r9700_batch_norm_s0_r0,batch_norm,A,isolated,,,False,r9700,0,0,1x256x56x56,float32,20,12,ORT_ENABLE_ALL,512,0,5.0,30.0,4559808,30.000389,1782298762.989565,1782298792.989961,0.006579,,,7938.618721,285.432346,,2277.776431,threads=12; graph_opt=ORT_ENABLE_ALL; vgm_mb=512; migraphx_direct: target=gpu; offload_copy=False; resident; sync_every=64,trapz_power_w:no_counter,98.94
r9700_batch_norm_s0_r1,batch_norm,A,isolated,,,False,r9700,0,0,1x256x56x56,float32,20,12,ORT_ENABLE_ALL,512,1,5.0,30.0,4561536,30.000194,1782298802.990747,1782298832.990947,0.006577,,,7817.011848,285.432346,,2277.776431,threads=12; graph_opt=ORT_ENABLE_ALL; vgm_mb=512,trapz_power_w:no_counter,98.94
r9700_batch_norm_s0_r2,batch_norm,A,isolated,,,False,r9700,0,0,1x256x56x56,float32,20,12,ORT_ENABLE_ALL,512,2,5.0,30.0,4561856,30.000036,1782298842.991497,1782298872.991537,0.006576,,,7718.848188,285.432346,,2277.776431,threads=12; graph_opt=ORT_ENABLE_ALL; vgm_mb=512,trapz_power_w:no_counter,98.94
r9700_batch_norm_s0_r3,batch_norm,A,isolated,,,False,r9700,0,0,1x256x56x56,float32,20,12,ORT_ENABLE_ALL,512,3,5.0,30.0,4561152,30.000012,1782298882.992076,1782298912.992092,0.006577,,,7681.785483,285.432346,,2277.776431,threads=12; graph_opt=ORT_ENABLE_ALL; vgm_mb=512,trapz_power_w:no_counter,98.93
r9700_batch_norm_s0_r4,batch_norm,A,isolated,,,False,r9700,0,0,1x256x56x56,float32,20,12,ORT_ENABLE_ALL,512,4,5.0,30.0,4562112,30.000283,1782298922.992484,1782298952.992771,0.006576,,,7666.388783,285.432346,,2277.776431,threads=12; graph_opt=ORT_ENABLE_ALL; vgm_mb=512,trapz_power_w:no_counter,98.98
r9700_avg_residual_add_s1_r0,residual_add,A,isolated,sdpa_avg,avg,False,r9700,0,1,197x768,float32,20,12,ORT_ENABLE_ALL,512,0,5.0,30.0,7097600,30.000201,1782298965.198283,1782298995.198490,0.004227,,,4771.168534,285.432346,,2277.776431,threads=12; graph_opt=ORT_ENABLE_ALL; vgm_mb=512; migraphx_direct: target=gpu; offload_copy=False; resident; sync_every=64,trapz_power_w:no_counter,98.03
r9700_avg_residual_add_s1_r1,residual_add,A,isolated,sdpa_avg,avg,False,r9700,0,1,197x768,float32,20,12,ORT_ENABLE_ALL,512,1,5.0,30.0,7080576,30.000116,1782299005.199083,1782299035.199204,0.004237,,,4784.539099,285.432346,,2277.776431,threads=12; graph_opt=ORT_ENABLE_ALL; vgm_mb=512,trapz_power_w:no_counter,98.04
r9700_avg_residual_add_s1_r2,residual_add,A,isolated,sdpa_avg,avg,False,r9700,0,1,197x768,float32,20,12,ORT_ENABLE_ALL,512,2,5.0,30.0,7110976,30.000243,1782299045.199763,1782299075.200011,0.004219,,,4824.557739,285.432346,,2277.776431,threads=12; graph_opt=ORT_ENABLE_ALL; vgm_mb=512,trapz_power_w:no_counter,98.05
r9700_avg_residual_add_s1_r3,residual_add,A,isolated,sdpa_avg,avg,False,r9700,0,1,197x768,float32,20,12,ORT_ENABLE_ALL,512,3,5.0,30.0,7082112,30.000087,1782299085.200410,1782299115.200502,0.004236,,,4829.202105,285.432346,,2277.776431,threads=12; graph_opt=ORT_ENABLE_ALL; vgm_mb=512,trapz_power_w:no_counter,98.04
r9700_avg_residual_add_s1_r4,residual_add,A,isolated,sdpa_avg,avg,False,r9700,0,1,197x768,float32,20,12,ORT_ENABLE_ALL,512,4,5.0,30.0,7089984,30.000247,1782299125.201051,1782299155.201303,0.004231,,,4856.280526,285.432346,,2277.776431,threads=12; graph_opt=ORT_ENABLE_ALL; vgm_mb=512,trapz_power_w:no_counter,98.03
r9700_avg_qkv_proj_gemm_s3_r0,qkv_proj_gemm,B1,isolated,sdpa_avg,avg,True,r9700,0,3,197x768@768x768,float32,20,12,ORT_ENABLE_ALL,512,0,5.0,30.0,809344,30.001691,1782299171.444330,1782299201.446033,0.037069,,,8204.203029,285.432346,,2277.776431,threads=12; graph_opt=ORT_ENABLE_ALL; vgm_mb=512; migraphx_direct: target=gpu; offload_copy=False; resident; sync_every=64,trapz_power_w:no_counter,99.92
r9700_avg_qkv_proj_gemm_s3_r1,qkv_proj_gemm,B1,isolated,sdpa_avg,avg,True,r9700,0,3,197x768@768x768,float32,20,12,ORT_ENABLE_ALL,512,1,5.0,30.0,812416,30.000708,1782299211.448484,1782299241.449198,0.036928,,,8205.480629,285.432346,,2277.776431,threads=12; graph_opt=ORT_ENABLE_ALL; vgm_mb=512,trapz_power_w:no_counter,99.95
r9700_avg_qkv_proj_gemm_s3_r2,qkv_proj_gemm,B1,isolated,sdpa_avg,avg,True,r9700,0,3,197x768@768x768,float32,20,12,ORT_ENABLE_ALL,512,2,5.0,30.0,812032,30.001085,1782299251.450450,1782299281.451540,0.036946,,,8059.016034,285.432346,,2277.776431,threads=12; graph_opt=ORT_ENABLE_ALL; vgm_mb=512,trapz_power_w:no_counter,99.94
r9700_avg_qkv_proj_gemm_s3_r3,qkv_proj_gemm,B1,isolated,sdpa_avg,avg,True,r9700,0,3,197x768@768x768,float32,20,12,ORT_ENABLE_ALL,512,3,5.0,30.0,812096,30.001104,1782299291.452940,1782299321.454049,0.036943,,,8076.754651,285.432346,,2277.776431,threads=12; graph_opt=ORT_ENABLE_ALL; vgm_mb=512,trapz_power_w:no_counter,99.92
r9700_avg_qkv_proj_gemm_s3_r4,qkv_proj_gemm,B1,isolated,sdpa_avg,avg,True,r9700,0,3,197x768@768x768,float32,20,12,ORT_ENABLE_ALL,512,4,5.0,30.0,812352,30.001704,1782299331.455218,1782299361.456927,0.036932,,,8063.160718,285.432346,,2277.776431,threads=12; graph_opt=ORT_ENABLE_ALL; vgm_mb=512,trapz_power_w:no_counter,99.96
r9700_avg_qkv_proj_gemm_s4_r0,qkv_proj_gemm,B1,isolated,sdpa_avg,avg,True,r9700,0,4,197x768@768x768,float32,20,12,ORT_ENABLE_ALL,512,0,5.0,30.0,812864,30.000546,1782299377.925819,1782299407.926376,0.036907,,,7893.677017,285.432346,,2277.776431,threads=12; graph_opt=ORT_ENABLE_ALL; vgm_mb=512; migraphx_direct: target=gpu; offload_copy=False; resident; sync_every=64,trapz_power_w:no_counter,99.97
r9700_avg_qkv_proj_gemm_s4_r1,qkv_proj_gemm,B1,isolated,sdpa_avg,avg,True,r9700,0,4,197x768@768x768,float32,20,12,ORT_ENABLE_ALL,512,1,5.0,30.0,812032,30.001085,1782299417.929272,1782299447.930363,0.036946,,,7922.365917,285.432346,,2277.776431,threads=12; graph_opt=ORT_ENABLE_ALL; vgm_mb=512,trapz_power_w:no_counter,99.96
r9700_avg_qkv_proj_gemm_s4_r2,qkv_proj_gemm,B1,isolated,sdpa_avg,avg,True,r9700,0,4,197x768@768x768,float32,20,12,ORT_ENABLE_ALL,512,2,5.0,30.0,812672,30.000350,1782299457.932738,1782299487.933092,0.036916,,,7968.757128,285.432346,,2277.776431,threads=12; graph_opt=ORT_ENABLE_ALL; vgm_mb=512,trapz_power_w:no_counter,99.96
r9700_avg_qkv_proj_gemm_s4_r3,qkv_proj_gemm,B1,isolated,sdpa_avg,avg,True,r9700,0,4,197x768@768x768,float32,20,12,ORT_ENABLE_ALL,512,3,5.0,30.0,811840,30.000731,1782299497.933535,1782299527.934270,0.036954,,,7933.439311,285.432346,,2277.776431,threads=12; graph_opt=ORT_ENABLE_ALL; vgm_mb=512,trapz_power_w:no_counter,99.92
r9700_avg_qkv_proj_gemm_s4_r4,qkv_proj_gemm,B1,isolated,sdpa_avg,avg,True,r9700,0,4,197x768@768x768,float32,20,12,ORT_ENABLE_ALL,512,4,5.0,30.0,810752,30.000917,1782299537.935053,1782299567.935975,0.037004,,,7937.641912,285.432346,,2277.776431,threads=12; graph_opt=ORT_ENABLE_ALL; vgm_mb=512,trapz_power_w:no_counter,99.96
r9700_avg_qkv_proj_gemm_s5_r0,qkv_proj_gemm,B1,isolated,sdpa_avg,avg,True,r9700,0,5,197x768@768x768,float32,20,12,ORT_ENABLE_ALL,512,0,5.0,30.0,812800,30.001962,1782299584.357341,1782299614.359315,0.036912,,,7871.217954,285.432346,,2277.776431,threads=12; graph_opt=ORT_ENABLE_ALL; vgm_mb=512; migraphx_direct: target=gpu; offload_copy=False; resident; sync_every=64,trapz_power_w:no_counter,99.96
r9700_avg_qkv_proj_gemm_s5_r1,qkv_proj_gemm,B1,isolated,sdpa_avg,avg,True,r9700,0,5,197x768@768x768,float32,20,12,ORT_ENABLE_ALL,512,1,5.0,30.0,812928,30.002353,1782299624.360203,1782299654.362562,0.036907,,,7941.579878,285.432346,,2277.776431,threads=12; graph_opt=ORT_ENABLE_ALL; vgm_mb=512,trapz_power_w:no_counter,99.95
r9700_avg_qkv_proj_gemm_s5_r2,qkv_proj_gemm,B1,isolated,sdpa_avg,avg,True,r9700,0,5,197x768@768x768,float32,20,12,ORT_ENABLE_ALL,512,2,5.0,30.0,812288,30.000383,1782299664.364598,1782299694.364985,0.036933,,,7959.770612,285.432346,,2277.776431,threads=12; graph_opt=ORT_ENABLE_ALL; vgm_mb=512,trapz_power_w:no_counter,99.96
r9700_avg_qkv_proj_gemm_s5_r3,qkv_proj_gemm,B1,isolated,sdpa_avg,avg,True,r9700,0,5,197x768@768x768,float32,20,12,ORT_ENABLE_ALL,512,3,5.0,30.0,811968,30.001735,1782299704.365532,1782299734.367272,0.036949,,,7927.146755,285.432346,,2277.776431,threads=12; graph_opt=ORT_ENABLE_ALL; vgm_mb=512,trapz_power_w:no_counter,99.95
r9700_avg_qkv_proj_gemm_s5_r4,qkv_proj_gemm,B1,isolated,sdpa_avg,avg,True,r9700,0,5,197x768@768x768,float32,20,12,ORT_ENABLE_ALL,512,4,5.0,30.0,811840,30.002104,1782299744.368731,1782299774.370840,0.036956,,,7913.017051,285.432346,,2277.776431,threads=12; graph_opt=ORT_ENABLE_ALL; vgm_mb=512,trapz_power_w:no_counter,99.92
r9700_avg_attn_score_matmul_s1_r0,attn_score_matmul,B1,isolated,sdpa_avg,avg,True,r9700,0,1,12x197x64@12x64x197,float32,20,12,ORT_ENABLE_ALL,512,0,5.0,30.0,2680448,30.000298,1782299786.644284,1782299816.644587,0.011192,,,8984.893732,285.432346,,2277.776431,threads=12; graph_opt=ORT_ENABLE_ALL; vgm_mb=512; migraphx_direct: target=gpu; offload_copy=False; resident; sync_every=64,trapz_power_w:no_counter,99.01
r9700_avg_attn_score_matmul_s1_r1,attn_score_matmul,B1,isolated,sdpa_avg,avg,True,r9700,0,1,12x197x64@12x64x197,float32,20,12,ORT_ENABLE_ALL,512,1,5.0,30.0,2675264,30.000524,1782299826.645570,1782299856.646099,0.011214,,,8987.504626,285.432346,,2277.776431,threads=12; graph_opt=ORT_ENABLE_ALL; vgm_mb=512,trapz_power_w:no_counter,99.01
r9700_avg_attn_score_matmul_s1_r2,attn_score_matmul,B1,isolated,sdpa_avg,avg,True,r9700,0,1,12x197x64@12x64x197,float32,20,12,ORT_ENABLE_ALL,512,2,5.0,30.0,2673664,30.000541,1782299866.646716,1782299896.647263,0.011221,,,8991.504630,285.432346,,2277.776431,threads=12; graph_opt=ORT_ENABLE_ALL; vgm_mb=512,trapz_power_w:no_counter,99.01
r9700_avg_attn_score_matmul_s1_r3,attn_score_matmul,B1,isolated,sdpa_avg,avg,True,r9700,0,1,12x197x64@12x64x197,float32,20,12,ORT_ENABLE_ALL,512,3,5.0,30.0,2675008,30.000023,1782299906.647979,1782299936.648006,0.011215,,,8980.695913,285.432346,,2277.776431,threads=12; graph_opt=ORT_ENABLE_ALL; vgm_mb=512,trapz_power_w:no_counter,99.01
r9700_avg_attn_score_matmul_s1_r4,attn_score_matmul,B1,isolated,sdpa_avg,avg,True,r9700,0,1,12x197x64@12x64x197,float32,20,12,ORT_ENABLE_ALL,512,4,5.0,30.0,2675008,30.000580,1782299946.648535,1782299976.649118,0.011215,,,8985.607382,285.432346,,2277.776431,threads=12; graph_opt=ORT_ENABLE_ALL; vgm_mb=512,trapz_power_w:no_counter,99.00
r9700_xcit_cov_matmul_s0_r0,xcit_cov_matmul,B1,isolated,,,False,r9700,0,0,12x64x197@12x197x64,float32,20,12,ORT_ENABLE_ALL,512,0,5.0,30.0,4783680,30.000312,1782299988.576899,1782300018.577217,0.006271,,,6627.287780,285.432346,,2277.776431,threads=12; graph_opt=ORT_ENABLE_ALL; vgm_mb=512; migraphx_direct: target=gpu; offload_copy=False; resident; sync_every=64,trapz_power_w:no_counter,98.95
r9700_xcit_cov_matmul_s0_r1,xcit_cov_matmul,B1,isolated,,,False,r9700,0,0,12x64x197@12x197x64,float32,20,12,ORT_ENABLE_ALL,512,1,5.0,30.0,4782528,30.000093,1782300028.577977,1782300058.578076,0.006273,,,6701.766103,285.432346,,2277.776431,threads=12; graph_opt=ORT_ENABLE_ALL; vgm_mb=512,trapz_power_w:no_counter,98.95
r9700_xcit_cov_matmul_s0_r2,xcit_cov_matmul,B1,isolated,,,False,r9700,0,0,12x64x197@12x197x64,float32,20,12,ORT_ENABLE_ALL,512,2,5.0,30.0,4783168,30.000185,1782300068.578716,1782300098.578908,0.006272,,,6746.055651,285.432346,,2277.776431,threads=12; graph_opt=ORT_ENABLE_ALL; vgm_mb=512,trapz_power_w:no_counter,98.98
r9700_xcit_cov_matmul_s0_r3,xcit_cov_matmul,B1,isolated,,,False,r9700,0,0,12x64x197@12x197x64,float32,20,12,ORT_ENABLE_ALL,512,3,5.0,30.0,4784832,30.000353,1782300108.579499,1782300138.579856,0.006270,,,6688.746936,285.432346,,2277.776431,threads=12; graph_opt=ORT_ENABLE_ALL; vgm_mb=512,trapz_power_w:no_counter,98.97
r9700_xcit_cov_matmul_s0_r4,xcit_cov_matmul,B1,isolated,,,False,r9700,0,0,12x64x197@12x197x64,float32,20,12,ORT_ENABLE_ALL,512,4,5.0,30.0,4785792,30.000087,1782300148.580576,1782300178.580667,0.006269,,,6774.237496,285.432346,,2277.776431,threads=12; graph_opt=ORT_ENABLE_ALL; vgm_mb=512,trapz_power_w:no_counter,98.97
idle_r9700_mid2_r0,idle,baseline,n/a,n/a,n/a,n/a,r9700,0,-1,n/a,n/a,n/a,12,ORT_ENABLE_ALL,512,0,5.0,30.0,1813248,30.000165,1782300190.346420,1782300220.346624,,,,270.735818,,,,threads=12; graph_opt=ORT_ENABLE_ALL; vgm_mb=512,trapz_power_w:no_counter,1.27
r9700_avg_softmax_s1_r0,softmax,B1,isolated,sdpa_avg,avg,True,r9700,0,1,12x197x197,float32,20,12,ORT_ENABLE_ALL,512,0,5.0,30.0,2978688,30.000598,1782300228.326242,1782300258.326846,0.010072,,,8967.343408,285.432346,,2277.776431,threads=12; graph_opt=ORT_ENABLE_ALL; vgm_mb=512; migraphx_direct: target=gpu; offload_copy=False; resident; sync_every=64,trapz_power_w:no_counter,99.02
r9700_avg_softmax_s1_r1,softmax,B1,isolated,sdpa_avg,avg,True,r9700,0,1,12x197x197,float32,20,12,ORT_ENABLE_ALL,512,1,5.0,30.0,2960000,30.000459,1782300268.327605,1782300298.328068,0.010135,,,8977.633983,285.432346,,2277.776431,threads=12; graph_opt=ORT_ENABLE_ALL; vgm_mb=512,trapz_power_w:no_counter,99.03
r9700_avg_softmax_s1_r2,softmax,B1,isolated,sdpa_avg,avg,True,r9700,0,1,12x197x197,float32,20,12,ORT_ENABLE_ALL,512,2,5.0,30.0,2971840,30.000199,1782300308.329029,1782300338.329233,0.010095,,,8982.316144,285.432346,,2277.776431,threads=12; graph_opt=ORT_ENABLE_ALL; vgm_mb=512,trapz_power_w:no_counter,99.02
r9700_avg_softmax_s1_r3,softmax,B1,isolated,sdpa_avg,avg,True,r9700,0,1,12x197x197,float32,20,12,ORT_ENABLE_ALL,512,3,5.0,30.0,2973696,30.000221,1782300348.329944,1782300378.330170,0.010089,,,8978.007970,285.432346,,2277.776431,threads=12; graph_opt=ORT_ENABLE_ALL; vgm_mb=512,trapz_power_w:no_counter,99.03
r9700_avg_softmax_s1_r4,softmax,B1,isolated,sdpa_avg,avg,True,r9700,0,1,12x197x197,float32,20,12,ORT_ENABLE_ALL,512,4,5.0,30.0,2972864,30.000005,1782300388.330731,1782300418.330740,0.010091,,,8980.732651,285.432346,,2277.776431,threads=12; graph_opt=ORT_ENABLE_ALL; vgm_mb=512,trapz_power_w:no_counter,99.03
r9700_avg_attn_value_matmul_s1_r0,attn_value_matmul,B1,isolated,sdpa_avg,avg,True,r9700,0,1,12x197x197@12x197x64,float32,20,12,ORT_ENABLE_ALL,512,0,5.0,30.0,2761920,30.000287,1782300430.221878,1782300460.222172,0.010862,,,8632.245559,285.432346,,2277.776431,threads=12; graph_opt=ORT_ENABLE_ALL; vgm_mb=512; migraphx_direct: target=gpu; offload_copy=False; resident; sync_every=64,trapz_power_w:no_counter,99.00
r9700_avg_attn_value_matmul_s1_r1,attn_value_matmul,B1,isolated,sdpa_avg,avg,True,r9700,0,1,12x197x197@12x197x64,float32,20,12,ORT_ENABLE_ALL,512,1,5.0,30.0,2763584,30.000475,1782300470.223205,1782300500.223686,0.010856,,,8784.235432,285.432346,,2277.776431,threads=12; graph_opt=ORT_ENABLE_ALL; vgm_mb=512,trapz_power_w:no_counter,99.00
r9700_avg_attn_value_matmul_s1_r2,attn_value_matmul,B1,isolated,sdpa_avg,avg,True,r9700,0,1,12x197x197@12x197x64,float32,20,12,ORT_ENABLE_ALL,512,2,5.0,30.0,2764032,30.000299,1782300510.224537,1782300540.224840,0.010854,,,8833.149290,285.432346,,2277.776431,threads=12; graph_opt=ORT_ENABLE_ALL; vgm_mb=512,trapz_power_w:no_counter,99.01
r9700_avg_attn_value_matmul_s1_r3,attn_value_matmul,B1,isolated,sdpa_avg,avg,True,r9700,0,1,12x197x197@12x197x64,float32,20,12,ORT_ENABLE_ALL,512,3,5.0,30.0,2763712,30.000261,1782300550.225866,1782300580.226132,0.010855,,,8844.252455,285.432346,,2277.776431,threads=12; graph_opt=ORT_ENABLE_ALL; vgm_mb=512,trapz_power_w:no_counter,99.01
r9700_avg_attn_value_matmul_s1_r4,attn_value_matmul,B1,isolated,sdpa_avg,avg,True,r9700,0,1,12x197x197@12x197x64,float32,20,12,ORT_ENABLE_ALL,512,4,5.0,30.0,2763712,30.000203,1782300590.226824,1782300620.227031,0.010855,,,8747.812925,285.432346,,2277.776431,threads=12; graph_opt=ORT_ENABLE_ALL; vgm_mb=512,trapz_power_w:no_counter,99.01
r9700_avg_out_proj_gemm_s1_r0,out_proj_gemm,B1,isolated,sdpa_avg,avg,True,r9700,0,1,197x768@768x768,float32,20,12,ORT_ENABLE_ALL,512,0,5.0,30.0,812544,30.002113,1782300636.521724,1782300666.523847,0.036924,,,7925.354700,285.432346,,2277.776431,threads=12; graph_opt=ORT_ENABLE_ALL; vgm_mb=512; migraphx_direct: target=gpu; offload_copy=False; resident; sync_every=64,trapz_power_w:no_counter,99.97
r9700_avg_out_proj_gemm_s1_r1,out_proj_gemm,B1,isolated,sdpa_avg,avg,True,r9700,0,1,197x768@768x768,float32,20,12,ORT_ENABLE_ALL,512,1,5.0,30.0,812032,30.000499,1782300676.525819,1782300706.526324,0.036945,,,7929.878494,285.432346,,2277.776431,threads=12; graph_opt=ORT_ENABLE_ALL; vgm_mb=512,trapz_power_w:no_counter,99.93
r9700_avg_out_proj_gemm_s1_r2,out_proj_gemm,B1,isolated,sdpa_avg,avg,True,r9700,0,1,197x768@768x768,float32,20,12,ORT_ENABLE_ALL,512,2,5.0,30.0,811648,30.001394,1782300716.527161,1782300746.528559,0.036964,,,7935.903566,285.432346,,2277.776431,threads=12; graph_opt=ORT_ENABLE_ALL; vgm_mb=512,trapz_power_w:no_counter,99.95
r9700_avg_out_proj_gemm_s1_r3,out_proj_gemm,B1,isolated,sdpa_avg,avg,True,r9700,0,1,197x768@768x768,float32,20,12,ORT_ENABLE_ALL,512,3,5.0,30.0,812032,30.000020,1782300756.530742,1782300786.530767,0.036944,,,7947.246234,285.432346,,2277.776431,threads=12; graph_opt=ORT_ENABLE_ALL; vgm_mb=512,trapz_power_w:no_counter,99.96
r9700_avg_out_proj_gemm_s1_r4,out_proj_gemm,B1,isolated,sdpa_avg,avg,True,r9700,0,1,197x768@768x768,float32,20,12,ORT_ENABLE_ALL,512,4,5.0,30.0,811584,30.001004,1782300796.533321,1782300826.534329,0.036966,,,7938.580632,285.432346,,2277.776431,threads=12; graph_opt=ORT_ENABLE_ALL; vgm_mb=512,trapz_power_w:no_counter,99.93
r9700_sra_conv2d_s0_r0,sra_conv2d,B1,isolated,,,False,r9700,0,0,1x768x56x56,float32,20,12,ORT_ENABLE_ALL,512,0,5.0,30.0,13888,30.035203,1782300850.797260,1782300880.832469,2.162673,,,5844.814802,285.432346,,2277.776431,threads=12; graph_opt=ORT_ENABLE_ALL; vgm_mb=512; migraphx_direct: target=gpu; offload_copy=False; resident; sync_every=64,trapz_power_w:no_counter,99.99
r9700_sra_conv2d_s0_r1,sra_conv2d,B1,isolated,,,False,r9700,0,0,1x768x56x56,float32,20,12,ORT_ENABLE_ALL,512,1,5.0,30.0,13824,30.091134,1782300890.954842,1782300921.045982,2.176731,,,5860.368869,285.432346,,2277.776431,threads=12; graph_opt=ORT_ENABLE_ALL; vgm_mb=512,trapz_power_w:no_counter,100.00
r9700_sra_conv2d_s0_r2,sra_conv2d,B1,isolated,,,False,r9700,0,0,1x768x56x56,float32,20,12,ORT_ENABLE_ALL,512,2,5.0,30.0,13824,30.082381,1782300931.169571,1782300961.251956,2.176098,,,5881.149769,285.432346,,2277.776431,threads=12; graph_opt=ORT_ENABLE_ALL; vgm_mb=512,trapz_power_w:no_counter,100.00
r9700_sra_conv2d_s0_r3,sra_conv2d,B1,isolated,,,False,r9700,0,0,1x768x56x56,float32,20,12,ORT_ENABLE_ALL,512,3,5.0,30.0,13888,30.026989,1782300971.374101,1782301001.401096,2.162082,,,5920.341953,285.432346,,2277.776431,threads=12; graph_opt=ORT_ENABLE_ALL; vgm_mb=512,trapz_power_w:no_counter,100.00
r9700_sra_conv2d_s0_r4,sra_conv2d,B1,isolated,,,False,r9700,0,0,1x768x56x56,float32,20,12,ORT_ENABLE_ALL,512,4,5.0,30.0,13824,30.089340,1782301011.522219,1782301041.611563,2.176602,,,5897.532141,285.432346,,2277.776431,threads=12; graph_opt=ORT_ENABLE_ALL; vgm_mb=512,trapz_power_w:no_counter,100.00
r9700_avg_pool_token_mixer_s0_r0,avg_pool_token_mixer,B2,isolated,,,False,r9700,0,0,1x768x14x14,float32,20,12,ORT_ENABLE_ALL,512,0,5.0,30.0,4400896,30.000359,1782301057.644057,1782301087.644426,0.006817,,,3910.152811,285.432346,,2277.776431,threads=12; graph_opt=ORT_ENABLE_ALL; vgm_mb=512; migraphx_direct: target=gpu; offload_copy=False; resident; sync_every=64,trapz_power_w:no_counter,97.72
r9700_avg_pool_token_mixer_s0_r1,avg_pool_token_mixer,B2,isolated,,,False,r9700,0,0,1x768x14x14,float32,20,12,ORT_ENABLE_ALL,512,1,5.0,30.0,4411456,30.000246,1782301097.645133,1782301127.645384,0.006801,,,4075.878174,285.432346,,2277.776431,threads=12; graph_opt=ORT_ENABLE_ALL; vgm_mb=512,trapz_power_w:no_counter,97.60
r9700_avg_pool_token_mixer_s0_r2,avg_pool_token_mixer,B2,isolated,,,False,r9700,0,0,1x768x14x14,float32,20,12,ORT_ENABLE_ALL,512,2,5.0,30.0,4402560,30.000086,1782301137.645851,1782301167.645943,0.006814,,,4008.129734,285.432346,,2277.776431,threads=12; graph_opt=ORT_ENABLE_ALL; vgm_mb=512,trapz_power_w:no_counter,97.67
r9700_avg_pool_token_mixer_s0_r3,avg_pool_token_mixer,B2,isolated,,,False,r9700,0,0,1x768x14x14,float32,20,12,ORT_ENABLE_ALL,512,3,5.0,30.0,4403328,30.000043,1782301177.646559,1782301207.646606,0.006813,,,4123.792912,285.432346,,2277.776431,threads=12; graph_opt=ORT_ENABLE_ALL; vgm_mb=512,trapz_power_w:no_counter,97.71
r9700_avg_pool_token_mixer_s0_r4,avg_pool_token_mixer,B2,isolated,,,False,r9700,0,0,1x768x14x14,float32,20,12,ORT_ENABLE_ALL,512,4,5.0,30.0,4400448,30.000294,1782301217.647270,1782301247.647568,0.006818,,,4181.517687,285.432346,,2277.776431,threads=12; graph_opt=ORT_ENABLE_ALL; vgm_mb=512,trapz_power_w:no_counter,97.64
r9700_depthwise_conv2d_s0_r0,depthwise_conv2d,B2,isolated,,,False,r9700,0,0,1x768x14x14,float32,20,12,ORT_ENABLE_ALL,512,0,5.0,30.0,2419136,30.000308,1782301264.207483,1782301294.207796,0.012401,,,7584.253531,285.432346,,2277.776431,threads=12; graph_opt=ORT_ENABLE_ALL; vgm_mb=512; migraphx_direct: target=gpu; offload_copy=False; resident; sync_every=64,trapz_power_w:no_counter,99.02
r9700_depthwise_conv2d_s0_r1,depthwise_conv2d,B2,isolated,,,False,r9700,0,0,1x768x14x14,float32,20,12,ORT_ENABLE_ALL,512,1,5.0,30.0,2426432,30.000167,1782301304.208751,1782301334.208924,0.012364,,,7576.104834,285.432346,,2277.776431,threads=12; graph_opt=ORT_ENABLE_ALL; vgm_mb=512,trapz_power_w:no_counter,99.03
r9700_depthwise_conv2d_s0_r2,depthwise_conv2d,B2,isolated,,,False,r9700,0,0,1x768x14x14,float32,20,12,ORT_ENABLE_ALL,512,2,5.0,30.0,2426688,30.000245,1782301344.209387,1782301374.209635,0.012363,,,7621.408995,285.432346,,2277.776431,threads=12; graph_opt=ORT_ENABLE_ALL; vgm_mb=512,trapz_power_w:no_counter,99.01
r9700_depthwise_conv2d_s0_r3,depthwise_conv2d,B2,isolated,,,False,r9700,0,0,1x768x14x14,float32,20,12,ORT_ENABLE_ALL,512,3,5.0,30.0,2427968,30.000132,1782301384.210292,1782301414.210428,0.012356,,,7482.953092,285.432346,,2277.776431,threads=12; graph_opt=ORT_ENABLE_ALL; vgm_mb=512,trapz_power_w:no_counter,99.00
r9700_depthwise_conv2d_s0_r4,depthwise_conv2d,B2,isolated,,,False,r9700,0,0,1x768x14x14,float32,20,12,ORT_ENABLE_ALL,512,4,5.0,30.0,2428608,30.000318,1782301424.210892,1782301454.211215,0.012353,,,7542.966930,285.432346,,2277.776431,threads=12; graph_opt=ORT_ENABLE_ALL; vgm_mb=512,trapz_power_w:no_counter,99.04
r9700_avg_attn_block_fused_s1_r0,attn_block_fused,B1,fused_block,sdpa_avg,avg,True,r9700,0,1,197x768,float32,20,12,ORT_ENABLE_ALL,512,0,5.0,30.0,195200,30.007286,1782301472.245326,1782301502.252621,0.153726,,,8984.298015,285.432346,,2277.776431,threads=12; graph_opt=ORT_ENABLE_ALL; vgm_mb=512; migraphx_direct: target=gpu; offload_copy=False; resident; sync_every=64,trapz_power_w:no_counter,99.99
r9700_avg_attn_block_fused_s1_r1,attn_block_fused,B1,fused_block,sdpa_avg,avg,True,r9700,0,1,197x768,float32,20,12,ORT_ENABLE_ALL,512,1,5.0,30.0,194496,30.001153,1782301512.261184,1782301542.262344,0.154251,,,8986.396959,285.432346,,2277.776431,threads=12; graph_opt=ORT_ENABLE_ALL; vgm_mb=512,trapz_power_w:no_counter,100.00
r9700_avg_attn_block_fused_s1_r2,attn_block_fused,B1,fused_block,sdpa_avg,avg,True,r9700,0,1,197x768,float32,20,12,ORT_ENABLE_ALL,512,2,5.0,30.0,194304,30.006799,1782301552.268996,1782301582.275800,0.154432,,,8985.681394,285.432346,,2277.776431,threads=12; graph_opt=ORT_ENABLE_ALL; vgm_mb=512,trapz_power_w:no_counter,99.99
r9700_avg_attn_block_fused_s1_r3,attn_block_fused,B1,fused_block,sdpa_avg,avg,True,r9700,0,1,197x768,float32,20,12,ORT_ENABLE_ALL,512,3,5.0,30.0,194240,30.002263,1782301592.282558,1782301622.284826,0.154460,,,8979.245521,285.432346,,2277.776431,threads=12; graph_opt=ORT_ENABLE_ALL; vgm_mb=512,trapz_power_w:no_counter,99.98
r9700_avg_attn_block_fused_s1_r4,attn_block_fused,B1,fused_block,sdpa_avg,avg,True,r9700,0,1,197x768,float32,20,12,ORT_ENABLE_ALL,512,4,5.0,30.0,194240,30.009756,1782301632.292132,1782301662.301892,0.154498,,,8984.038995,285.432346,,2277.776431,threads=12; graph_opt=ORT_ENABLE_ALL; vgm_mb=512,trapz_power_w:no_counter,100.00
idle_r9700_close_r0,idle,baseline,n/a,n/a,n/a,n/a,r9700,0,-1,n/a,n/a,n/a,12,ORT_ENABLE_ALL,512,0,5.0,30.0,1813440,30.000987,1782301674.239009,1782301704.240004,,,,353.663958,,,,threads=12; graph_opt=ORT_ENABLE_ALL; vgm_mb=512,trapz_power_w:no_counter,1.25
